2MASS J19383260+4603591 b,2MASS J19383260+4603591,0.33
47 UMa b,47 UMa,0.032
47 UMa c,47 UMa,0.098
47 UMa d,47 UMa,0.16
55 Cnc b,55 Cnc,0
55 Cnc c,55 Cnc,0.03
55 Cnc d,55 Cnc,0.13
55 Cnc e,55 Cnc,0.05
55 Cnc f,55 Cnc,0.08
61 Vir b,61 Vir,0.12
61 Vir c,61 Vir,0.14
61 Vir d,61 Vir,0.35
AU Mic b,AU Mic,0.186
AU Mic c,AU Mic,
AU Mic d,AU Mic,0.00305
CoRoT-7 b,CoRoT-7,0
CoRoT-7 c,CoRoT-7,0
CoRoT-7 d,CoRoT-7,
DMPP-1 b,DMPP-1,0.083
DMPP-1 c,DMPP-1,0.057
DMPP-1 d,DMPP-1,0.07
DMPP-1 e,DMPP-1,0.07
EPIC 201754305 d,K2-16,
EPIC 206024342 b,EPIC 206024342,
EPIC 206024342 c,EPIC 206024342,
EPIC 206024342 d,EPIC 206024342,
EPIC 249893012 b,EPIC 249893012,0.06
EPIC 249893012 c,EPIC 249893012,0.07
EPIC 249893012 d,EPIC 249893012,0.15
GJ 1061 b,GJ 1061,0.31
GJ 1061 c,GJ 1061,0.29
GJ 1061 d,GJ 1061,0.53
GJ 163 b,GJ 163,0.073
GJ 163 c,GJ 163,0.099
GJ 163 d,GJ 163,0.373
GJ 180 b,GJ 180,0.07
GJ 180 c,GJ 180,0.09
GJ 180 d,GJ 180,0.14
GJ 3138 b,GJ 3138,0.19
GJ 3138 c,GJ 3138,0.11
GJ 3138 d,GJ 3138,0.32
GJ 3293 b,GJ 3293,0.06
GJ 3293 c,GJ 3293,0.11
GJ 3293 d,GJ 3293,0.12
GJ 3293 e,GJ 3293,0.21
GJ 357 b,GJ 357,
GJ 357 c,GJ 357,
GJ 357 d,GJ 357,
GJ 367 b,GJ 367,0.06
GJ 367 c,GJ 367,0.09
GJ 367 d,GJ 367,0.14
GJ 433 b,GJ 433,0.04
GJ 433 c,GJ 433,0.12
GJ 433 d,GJ 433,0.07
GJ 581 b,GJ 581,0
GJ 581 c,GJ 581,0
GJ 581 e,GJ 581,0
GJ 667 C b,GJ 667 C,0.2
GJ 667 C c,GJ 667 C,0.02
GJ 667 C e,GJ 667 C,0.02
GJ 667 C f,GJ 667 C,0.03
GJ 667 C g,GJ 667 C,0.08
GJ 676 A b,GJ 676 A,0.319
GJ 676 A c,GJ 676 A,0.295
GJ 676 A d,GJ 676 A,0.192
GJ 676 A e,GJ 676 A,0.152
GJ 876 b,GJ 876,0.0324
GJ 876 c,GJ 876,0.25591
GJ 876 d,GJ 876,0.207
GJ 876 e,GJ 876,0.055
GJ 9827 b,GJ 9827,0.063
GJ 9827 c,GJ 9827,0.094
GJ 9827 d,GJ 9827,0.13
HD 10180 c,HD 10180,0.073
HD 10180 d,HD 10180,0.131
HD 10180 e,HD 10180,0.051
HD 10180 f,HD 10180,0.119
HD 10180 g,HD 10180,0.263
HD 10180 h,HD 10180,0.095
HD 108236 b,HD 108236,0.045
HD 108236 c,HD 108236,0.034
HD 108236 d,HD 108236,0.055
HD 108236 e,HD 108236,0.058
HD 108236 f,HD 108236,0.051
HD 110067 b,HD 110067,
HD 110067 c,HD 110067,
HD 110067 d,HD 110067,
HD 110067 e,HD 110067,
HD 110067 f,HD 110067,
HD 110067 g,HD 110067,
HD 11506 b,HD 11506,0.391
HD 11506 c,HD 11506,0.233
HD 11506 d,HD 11506,0.061
HD 125612 b,HD 125612,0.446
HD 125612 c,HD 125612,0.149
HD 125612 d,HD 125612,0.115
HD 133131 A b,HD 133131 A,0.33
HD 133131 A c,HD 133131 A,0.49
HD 133131 B b,HD 133131 B,0.61
HD 136352 b,HD 136352,0
HD 136352 c,HD 136352,0
HD 136352 d,HD 136352,0
HD 141399 b,HD 141399,0.04
HD 141399 c,HD 141399,0.048
HD 141399 d,HD 141399,0.074
HD 141399 e,HD 141399,0.26
HD 142 A d,HD 142,0.13
HD 142 b,HD 142,0.158
HD 142 c,HD 142,0.277
HD 153557 b,HD 153557,0.065
HD 153557 c,HD 153557,0.511
HD 153557 d,HD 153557,0.152
HD 158259 b,HD 158259,
HD 158259 c,HD 158259,
HD 158259 d,HD 158259,
HD 158259 e,HD 158259,
HD 158259 f,HD 158259,
HD 160691 b,HD 160691,
HD 160691 c,HD 160691,
HD 160691 d,HD 160691,
HD 160691 e,HD 160691,
HD 164922 b,HD 164922,0.08
HD 164922 c,HD 164922,0.12
HD 164922 d,HD 164922,0.12
HD 164922 e,HD 164922,0.086
HD 181433 b,HD 181433,0.4
HD 181433 c,HD 181433,0.28
HD 181433 d,HD 181433,0.48
HD 184010 b,HD 184010,0
HD 184010 c,HD 184010,0
HD 184010 d,HD 184010,0
HD 191939 b,HD 191939,0.031
HD 191939 c,HD 191939,0.034
HD 191939 d,HD 191939,0.031
HD 191939 e,HD 191939,0.031
HD 191939 f,HD 191939,
HD 191939 g,HD 191939,0.03
HD 204313 b,HD 204313,0.1
HD 204313 c,HD 204313,0.059
HD 204313 e,HD 204313,0.253
HD 20781 b,HD 20781,0.1
HD 20781 c,HD 20781,0.09
HD 20781 d,HD 20781,0.11
HD 20781 e,HD 20781,0.06
HD 20782 b,HD 20782,0.95
HD 20794 b,HD 20794,0
HD 20794 c,HD 20794,0
HD 20794 d,HD 20794,0
HD 20794 e,HD 20794,0.29
HD 215152 b,HD 215152,0
HD 215152 c,HD 215152,0
HD 215152 d,HD 215152,0
HD 215152 e,HD 215152,0
HD 219134 b,HD 219134,0
HD 219134 c,HD 219134,0.062
HD 219134 d,HD 219134,0.138
HD 219134 f,HD 219134,0.148
HD 219134 g,HD 219134,0
HD 219134 h,HD 219134,0.06
HD 22946 d,HD 22946,
HD 23472 b,HD 23472,0.072
HD 23472 c,HD 23472,0.063
HD 23472 d,HD 23472,0.07
HD 23472 e,HD 23472,0.07
HD 23472 f,HD 23472,0.07
HD 27894 b,HD 27894,0.047
HD 27894 c,HD 27894,0.015
HD 27894 d,HD 27894,0.343
HD 28109 b,HD 28109,0.3307
HD 28109 c,HD 28109,0.1203
HD 28109 d,HD 28109,0.0864
HD 31527 b,HD 31527,0.1
HD 31527 c,HD 31527,0.04
HD 31527 d,HD 31527,0.24
HD 3167 b,HD 3167,0
HD 3167 c,HD 3167,0.06
HD 3167 d,HD 3167,0.12
HD 3167 e,HD 3167,0.15
HD 33142 b,HD 33142,0.049
HD 33142 c,HD 33142,0.081
HD 33142 d,HD 33142,0.191
HD 34445 b,HD 34445,0.27
HD 34445 c,HD 34445,0.036
HD 34445 d,HD 34445,0.027
HD 34445 e,HD 34445,0.09
HD 34445 f,HD 34445,0.031
HD 34445 g,HD 34445,0.032
HD 37124 b,HD 37124,0.054
HD 37124 c,HD 37124,0.125
HD 37124 d,HD 37124,0.16
HD 39091 b,HD 39091,0.642
HD 39194 b,HD 39194,0.207
HD 39194 c,HD 39194,0.154
HD 39194 d,HD 39194,0.333
HD 40307 b,HD 40307,0.2
HD 40307 c,HD 40307,0.06
HD 40307 d,HD 40307,0.07
HD 40307 f,HD 40307,0.02
HD 40307 g,HD 40307,0.29
HD 63433 b,HD 63433,0.24
HD 63433 c,HD 63433,0.21
HD 63433 d,HD 63433,0.16
HD 69830 b,HD 69830,0.1
HD 69830 c,HD 69830,0.13
HD 69830 d,HD 69830,0.07
HD 7924 b,HD 7924,0.06
HD 7924 c,HD 7924,0.098
HD 7924 d,HD 7924,0.21
HD 93385 b,HD 93385,0.295
HD 93385 c,HD 93385,0.2
HD 93385 d,HD 93385,0.09
HD 96700 b,HD 96700,0.138
HD 96700 c,HD 96700,0.293
HD 96700 d,HD 96700,0.27
HIP 14810 b,HIP 14810,0.14399
HIP 14810 c,HIP 14810,0.1566
HIP 14810 d,HIP 14810,0.185
HIP 29442 b,HIP 29442,
HIP 29442 c,HIP 29442,
HIP 29442 d,HIP 29442,
HIP 41378 b,HIP 41378,
HIP 41378 c,HIP 41378,
HIP 41378 d,HIP 41378,
HIP 41378 e,HIP 41378,
HIP 41378 f,HIP 41378,
HIP 57274 b,HIP 57274,0.19
HIP 57274 c,HIP 57274,0.05
HIP 57274 d,HIP 57274,0.27
HR 858 b,HR 858,0.3
HR 858 c,HR 858,0.19
HR 858 d,HR 858,0.28
HR 8799 b,HR 8799,
HR 8799 c,HR 8799,
HR 8799 d,HR 8799,
HR 8799 e,HR 8799,0.15
K2-133 b,K2-133,
K2-133 c,K2-133,
K2-133 d,K2-133,
K2-133 e,K2-133,
K2-136 b,K2-136,0.14
K2-136 c,K2-136,0.047
K2-136 d,K2-136,0.071
K2-138 b,K2-138,0.048
K2-138 c,K2-138,0.045
K2-138 d,K2-138,0.043
K2-138 e,K2-138,0.077
K2-138 f,K2-138,0.062
K2-138 g,K2-138,0.059
K2-148 b,K2-148,
K2-148 c,K2-148,
K2-148 d,K2-148,
K2-155 b,K2-155,
K2-155 c,K2-155,
K2-155 d,K2-155,
K2-16 b,K2-16,
K2-16 c,K2-16,
K2-165 b,K2-165,
K2-165 c,K2-165,
K2-165 d,K2-165,
K2-183 b,K2-183,
K2-183 c,K2-183,
K2-183 d,K2-183,
K2-187 b,K2-187,
K2-187 c,K2-187,
K2-187 d,K2-187,
K2-187 e,K2-187,
K2-19 b,K2-19,0.2
K2-19 c,K2-19,0.21
K2-19 d,K2-19,
K2-198 b,K2-198,
K2-198 c,K2-198,
K2-198 d,K2-198,
K2-219 b,K2-219,
K2-219 c,K2-219,
K2-219 d,K2-219,
K2-233 b,K2-233,0.079
K2-233 c,K2-233,0.2002
K2-233 d,K2-233,0.1999
K2-239 b,K2-239,
K2-239 c,K2-239,
K2-239 d,K2-239,
K2-266 b,K2-266,
K2-266 c,K2-266,0.042
K2-266 d,K2-266,0.047
K2-266 e,K2-266,0.043
K2-268 b,K2-268,
K2-268 c,K2-268,
K2-268 d,K2-268,
K2-268 e,K2-268,
K2-268 f,K2-268,
K2-285 b,K2-285,0
K2-285 c,K2-285,0
K2-285 d,K2-285,0
K2-285 e,K2-285,0
K2-3 b,K2-3,0.107
K2-3 c,K2-3,0.048
K2-3 d,K2-3,0.091
K2-32 b,K2-32,0.03
K2-32 c,K2-32,0.049
K2-32 d,K2-32,0.05
K2-32 e,K2-32,0.043
K2-352 b,K2-352,
K2-352 c,K2-352,
K2-352 d,K2-352,
K2-368 b,K2-368,
K2-368 c,K2-368,
K2-368 d,K2-368,
K2-37 b,K2-37,
K2-37 c,K2-37,
K2-37 d,K2-37,
K2-381 b,K2-381,
K2-381 c,K2-381,
K2-381 d,K2-381,
K2-384 b,K2-384,
K2-384 c,K2-384,
K2-384 d,K2-384,
K2-384 e,K2-384,
K2-384 f,K2-384,
K2-58 b,K2-58,
K2-58 c,K2-58,
K2-58 d,K2-58,
K2-72 b,K2-72,0.11
K2-72 c,K2-72,0.11
K2-72 d,K2-72,0.11
K2-72 e,K2-72,0.11
K2-80 b,K2-80,
K2-80 c,K2-80,
K2-80 d,K2-80,
KIC 10001893 b,KIC 10001893,
KIC 10001893 c,KIC 10001893,
KIC 10001893 d,KIC 10001893,
KIC 8540376 b,KOI-7892,
KIC 8540376 c,KOI-7892,
KOI-142 b,KOI-142,0.05561
KOI-142 c,KOI-142,0.05724
KOI-1831 d,Kepler-324,
KOI-1833 d,Kepler-968,
KOI-351 b,KOI-351,
KOI-351 c,KOI-351,
KOI-351 d,KOI-351,
KOI-351 e,KOI-351,
KOI-351 f,KOI-351,
KOI-351 g,KOI-351,
KOI-351 h,KOI-351,
KOI-94 b,KOI-94,0.25
KOI-94 c,KOI-94,0.43
KOI-94 d,KOI-94,0.022
KOI-94 e,KOI-94,0.019
Kepler-10 b,Kepler-10,0
Kepler-10 c,Kepler-10,0.13
Kepler-10 d,Kepler-10,0.26
Kepler-100 b,Kepler-100,
Kepler-100 c,Kepler-100,
Kepler-100 d,Kepler-100,
Kepler-102 b,Kepler-102,0.1
Kepler-102 c,Kepler-102,0.094
Kepler-102 d,Kepler-102,0.092
Kepler-102 e,Kepler-102,0.089
Kepler-102 f,Kepler-102,0.1
Kepler-104 b,Kepler-104,
Kepler-104 c,Kepler-104,
Kepler-104 d,Kepler-104,
Kepler-106 b,Kepler-106,
Kepler-106 c,Kepler-106,
Kepler-106 d,Kepler-106,
Kepler-106 e,Kepler-106,
Kepler-107 b,Kepler-107,0.1
Kepler-107 c,Kepler-107,0.08
Kepler-107 d,Kepler-107,0.11
Kepler-107 e,Kepler-107,0.1
Kepler-1073 b,Kepler-1073,
Kepler-1073 c,Kepler-1073,
Kepler-1073 d,Kepler-1073,
Kepler-11 b,Kepler-11,0.045
Kepler-11 c,Kepler-11,0.026
Kepler-11 d,Kepler-11,0.004
Kepler-11 e,Kepler-11,0.012
Kepler-11 f,Kepler-11,0.013
Kepler-11 g,Kepler-11,0.15
Kepler-1130 b,Kepler-1130,
Kepler-1130 c,Kepler-1130,
Kepler-1130 d,Kepler-1130,
Kepler-114 b,Kepler-114,
Kepler-114 c,Kepler-114,
Kepler-114 d,Kepler-114,
Kepler-122 b,Kepler-122,
Kepler-122 c,Kepler-122,
Kepler-122 d,Kepler-122,
Kepler-122 e,Kepler-122,
Kepler-122 f,Kepler-122,
Kepler-124 b,Kepler-124,
Kepler-124 c,Kepler-124,
Kepler-124 d,Kepler-124,
Kepler-1254 b,Kepler-1254,
Kepler-1254 c,Kepler-1254,
Kepler-1254 d,Kepler-1254,
Kepler-126 b,Kepler-126,
Kepler-126 c,Kepler-126,
Kepler-126 d,Kepler-126,
Kepler-127 b,Kepler-127,
Kepler-127 c,Kepler-127,
Kepler-127 d,Kepler-127,
Kepler-129 b,Kepler-129,
Kepler-129 c,Kepler-129,
Kepler-129 d,Kepler-129,0.15
Kepler-130 b,Kepler-130,
Kepler-130 c,Kepler-130,0
Kepler-130 d,Kepler-130,
Kepler-1311 b,Kepler-1311,
Kepler-1311 c,Kepler-1311,
Kepler-1311 d,Kepler-1311,
Kepler-132 b,Kepler-132,
Kepler-132 c,Kepler-132,
Kepler-132 d,Kepler-132,
Kepler-132 e,Kepler-132,
Kepler-1321 b,Kepler-1321,
Kepler-1321 c,Kepler-1321,
Kepler-1321 d,Kepler-1321,
Kepler-138 b,Kepler-138,0.02
Kepler-138 c,Kepler-138,0.017
Kepler-138 d,Kepler-138,0.01
Kepler-138 e,Kepler-138,0.112
Kepler-1388 b,Kepler-1388,
Kepler-1388 c,Kepler-1388,
Kepler-1388 d,Kepler-1388,
Kepler-1388 e,Kepler-1388,
Kepler-142 b,Kepler-142,
Kepler-142 c,Kepler-142,
Kepler-142 d,Kepler-142,
Kepler-1468 b,Kepler-1468,
Kepler-1468 c,Kepler-1468,
Kepler-1468 d,Kepler-1468,
Kepler-148 b,Kepler-148,
Kepler-148 c,Kepler-148,
Kepler-148 d,Kepler-148,
Kepler-149 b,Kepler-149,
Kepler-149 c,Kepler-149,
Kepler-149 d,Kepler-149,
Kepler-150 b,Kepler-150,
Kepler-150 c,Kepler-150,
Kepler-150 d,Kepler-150,
Kepler-150 e,Kepler-150,
Kepler-150 f,Kepler-150,
Kepler-1530 b,Kepler-1530,
Kepler-1530 c,Kepler-1530,
Kepler-1530 d,Kepler-1530,
Kepler-154 b,Kepler-154,
Kepler-154 c,Kepler-154,
Kepler-154 d,Kepler-154,
Kepler-154 e,Kepler-154,
Kepler-154 f,Kepler-154,
Kepler-1542 b,Kepler-1542,
Kepler-1542 c,Kepler-1542,
Kepler-1542 d,Kepler-1542,
Kepler-1542 e,Kepler-1542,
Kepler-157 b,Kepler-157,
Kepler-157 c,Kepler-157,
Kepler-157 d,Kepler-157,
Kepler-160 b,Kepler-160,
Kepler-160 c,Kepler-160,
Kepler-160 d,Kepler-160,
Kepler-164 b,Kepler-164,
Kepler-164 c,Kepler-164,
Kepler-164 d,Kepler-164,
Kepler-166 b,Kepler-166,
Kepler-166 c,Kepler-166,
Kepler-166 d,Kepler-166,
Kepler-1669 b,Kepler-1669,
Kepler-1669 c,Kepler-1669,
Kepler-167 b,Kepler-167,0
Kepler-167 c,Kepler-167,0
Kepler-167 d,Kepler-167,0
Kepler-167 e,Kepler-167,0.29
Kepler-169 b,Kepler-169,
Kepler-169 c,Kepler-169,
Kepler-169 d,Kepler-169,
Kepler-169 e,Kepler-169,
Kepler-169 f,Kepler-169,
Kepler-171 b,Kepler-171,
Kepler-171 c,Kepler-171,
Kepler-171 d,Kepler-171,
Kepler-172 b,Kepler-172,
Kepler-172 c,Kepler-172,
Kepler-172 d,Kepler-172,
Kepler-172 e,Kepler-172,
Kepler-174 b,Kepler-174,
Kepler-174 c,Kepler-174,
Kepler-174 d,Kepler-174,
Kepler-176 b,Kepler-176,
Kepler-176 c,Kepler-176,
Kepler-176 d,Kepler-176,
Kepler-176 e,Kepler-176,
Kepler-178 b,Kepler-178,
Kepler-178 c,Kepler-178,
Kepler-178 d,Kepler-178,
Kepler-18 b,Kepler-18,0
Kepler-18 c,Kepler-18,0
Kepler-18 d,Kepler-18,0
Kepler-184 b,Kepler-184,
Kepler-184 c,Kepler-184,
Kepler-184 d,Kepler-184,
Kepler-186 b,Kepler-186,
Kepler-186 c,Kepler-186,
Kepler-186 d,Kepler-186,
Kepler-186 e,Kepler-186,
Kepler-186 f,Kepler-186,0.04
Kepler-19 b,Kepler-19,0.41
Kepler-19 c,Kepler-19,0.21
Kepler-19 d,Kepler-19,0.05
Kepler-191 b,Kepler-191,
Kepler-191 c,Kepler-191,
Kepler-191 d,Kepler-191,
Kepler-192 b,Kepler-192,
Kepler-192 c,Kepler-192,
Kepler-192 d,Kepler-192,
Kepler-194 b,Kepler-194,
Kepler-194 c,Kepler-194,
Kepler-194 d,Kepler-194,
Kepler-196 b,Kepler-196,
Kepler-196 c,Kepler-196,
Kepler-196 d,Kepler-196,
Kepler-197 b,Kepler-197,
Kepler-197 c,Kepler-197,
Kepler-197 d,Kepler-197,
Kepler-197 e,Kepler-197,
Kepler-198 b,Kepler-198,
Kepler-198 c,Kepler-198,
Kepler-198 d,Kepler-198,
Kepler-20 b,Kepler-20,0.083
Kepler-20 c,Kepler-20,0.076
Kepler-20 d,Kepler-20,0.082
Kepler-20 e,Kepler-20,0.092
Kepler-20 f,Kepler-20,0.094
Kepler-20 g,Kepler-20,0.15
Kepler-203 b,Kepler-203,
Kepler-203 c,Kepler-203,
Kepler-203 d,Kepler-203,
Kepler-206 b,Kepler-206,
Kepler-206 c,Kepler-206,
Kepler-206 d,Kepler-206,
Kepler-207 b,Kepler-207,
Kepler-207 c,Kepler-207,
Kepler-207 d,Kepler-207,
Kepler-208 b,Kepler-208,
Kepler-208 c,Kepler-208,
Kepler-208 d,Kepler-208,
Kepler-208 e,Kepler-208,
Kepler-215 b,Kepler-215,
Kepler-215 c,Kepler-215,
Kepler-215 d,Kepler-215,
Kepler-215 e,Kepler-215,
Kepler-217 b,Kepler-217,
Kepler-217 c,Kepler-217,
Kepler-217 d,Kepler-217,
Kepler-218 b,Kepler-218,
Kepler-218 c,Kepler-218,
Kepler-218 d,Kepler-218,
Kepler-219 b,Kepler-219,
Kepler-219 c,Kepler-219,
Kepler-219 d,Kepler-219,
Kepler-220 b,Kepler-220,
Kepler-220 c,Kepler-220,
Kepler-220 d,Kepler-220,
Kepler-220 e,Kepler-220,
Kepler-221 b,Kepler-221,
Kepler-221 c,Kepler-221,
Kepler-221 d,Kepler-221,
Kepler-221 e,Kepler-221,
Kepler-222 b,Kepler-222,
Kepler-222 c,Kepler-222,
Kepler-222 d,Kepler-222,
Kepler-223 b,Kepler-223,0.078
Kepler-223 c,Kepler-223,0.15
Kepler-223 d,Kepler-223,0.037
Kepler-223 e,Kepler-223,0.051
Kepler-224 b,Kepler-224,
Kepler-224 c,Kepler-224,
Kepler-224 d,Kepler-224,
Kepler-224 e,Kepler-224,
Kepler-226 b,Kepler-226,
Kepler-226 c,Kepler-226,
Kepler-226 d,Kepler-226,
Kepler-228 b,Kepler-228,
Kepler-228 c,Kepler-228,
Kepler-228 d,Kepler-228,
Kepler-229 b,Kepler-229,
Kepler-229 c,Kepler-229,
Kepler-229 d,Kepler-229,
Kepler-23 b,Kepler-23,
Kepler-23 c,Kepler-23,
Kepler-23 d,Kepler-23,
Kepler-235 b,Kepler-235,
Kepler-235 c,Kepler-235,
Kepler-235 d,Kepler-235,
Kepler-235 e,Kepler-235,
Kepler-238 b,Kepler-238,
Kepler-238 c,Kepler-238,
Kepler-238 d,Kepler-238,
Kepler-238 e,Kepler-238,
Kepler-238 f,Kepler-238,
Kepler-24 b,Kepler-24,
Kepler-24 c,Kepler-24,
Kepler-24 d,Kepler-24,
Kepler-24 e,Kepler-24,
Kepler-244 b,Kepler-244,
Kepler-244 c,Kepler-244,
Kepler-244 d,Kepler-244,
Kepler-245 b,Kepler-245,
Kepler-245 c,Kepler-245,
Kepler-245 d,Kepler-245,
Kepler-245 e,Kepler-245,
Kepler-247 b,Kepler-247,
Kepler-247 c,Kepler-247,
Kepler-247 d,Kepler-247,
Kepler-249 b,Kepler-249,
Kepler-249 c,Kepler-249,
Kepler-249 d,Kepler-249,
Kepler-25 b,Kepler-25,0.0029
Kepler-25 c,Kepler-25,0.0061
Kepler-25 d,Kepler-25,0.13
Kepler-250 b,Kepler-250,
Kepler-250 c,Kepler-250,
Kepler-250 d,Kepler-250,
Kepler-251 b,Kepler-251,
Kepler-251 c,Kepler-251,
Kepler-251 d,Kepler-251,
Kepler-251 e,Kepler-251,
Kepler-253 b,Kepler-253,
Kepler-253 c,Kepler-253,
Kepler-253 d,Kepler-253,
Kepler-254 b,Kepler-254,
Kepler-254 c,Kepler-254,
Kepler-254 d,Kepler-254,
Kepler-255 b,Kepler-255,
Kepler-255 c,Kepler-255,
Kepler-255 d,Kepler-255,
Kepler-256 b,Kepler-256,
Kepler-256 c,Kepler-256,
Kepler-256 d,Kepler-256,
Kepler-256 e,Kepler-256,
Kepler-257 b,Kepler-257,
Kepler-257 c,Kepler-257,
Kepler-257 d,Kepler-257,
Kepler-26 b,Kepler-26,
Kepler-26 c,Kepler-26,
Kepler-26 d,Kepler-26,
Kepler-26 e,Kepler-26,
Kepler-265 b,Kepler-265,
Kepler-265 c,Kepler-265,
Kepler-265 d,Kepler-265,
Kepler-265 e,Kepler-265,
Kepler-267 b,Kepler-267,
Kepler-267 c,Kepler-267,
Kepler-267 d,Kepler-267,
Kepler-27 b,Kepler-27,
Kepler-27 c,Kepler-27,
Kepler-27 d,Kepler-27,
Kepler-271 b,Kepler-271,
Kepler-271 c,Kepler-271,
Kepler-271 d,Kepler-271,
Kepler-272 b,Kepler-272,
Kepler-272 c,Kepler-272,
Kepler-272 d,Kepler-272,
Kepler-275 b,Kepler-275,
Kepler-275 c,Kepler-275,
Kepler-275 d,Kepler-275,
Kepler-276 b,Kepler-276,
Kepler-276 c,Kepler-276,
Kepler-276 d,Kepler-276,
Kepler-279 b,Kepler-279,
Kepler-279 c,Kepler-279,
Kepler-279 d,Kepler-279,
Kepler-281 b,Kepler-281,
Kepler-281 c,Kepler-281,
Kepler-281 d,Kepler-281,
Kepler-282 b,Kepler-282,
Kepler-282 c,Kepler-282,
Kepler-282 d,Kepler-282,
Kepler-282 e,Kepler-282,
Kepler-286 b,Kepler-286,
Kepler-286 c,Kepler-286,
Kepler-286 d,Kepler-286,
Kepler-286 e,Kepler-286,
Kepler-288 b,Kepler-288,
Kepler-288 c,Kepler-288,
Kepler-288 d,Kepler-288,
Kepler-289 b,Kepler-289,
Kepler-289 c,Kepler-289,
Kepler-289 d,Kepler-289,
Kepler-290 b,Kepler-290,
Kepler-290 c,Kepler-290,
Kepler-292 b,Kepler-292,
Kepler-292 c,Kepler-292,
Kepler-292 d,Kepler-292,
Kepler-292 e,Kepler-292,
Kepler-292 f,Kepler-292,
Kepler-295 b,Kepler-295,
Kepler-295 c,Kepler-295,
Kepler-295 d,Kepler-295,
Kepler-296 b,Kepler-296,0.33
Kepler-296 c,Kepler-296,0.33
Kepler-296 d,Kepler-296,0.33
Kepler-296 e,Kepler-296,0.33
Kepler-296 f,Kepler-296,0.33
Kepler-297 b,Kepler-297,
Kepler-297 c,Kepler-297,
Kepler-298 b,Kepler-298,
Kepler-298 c,Kepler-298,
Kepler-298 d,Kepler-298,
Kepler-299 b,Kepler-299,
Kepler-299 c,Kepler-299,
Kepler-299 d,Kepler-299,
Kepler-299 e,Kepler-299,
Kepler-30 b,Kepler-30,0.042
Kepler-30 c,Kepler-30,0.0111
Kepler-30 d,Kepler-30,0.022
Kepler-301 b,Kepler-301,
Kepler-301 c,Kepler-301,
Kepler-301 d,Kepler-301,
Kepler-304 b,Kepler-304,
Kepler-304 c,Kepler-304,
Kepler-304 d,Kepler-304,
Kepler-304 e,Kepler-304,
Kepler-305 b,Kepler-305,
Kepler-305 c,Kepler-305,
Kepler-305 d,Kepler-305,
Kepler-305 e,Kepler-305,
Kepler-306 b,Kepler-306,
Kepler-306 c,Kepler-306,
Kepler-306 d,Kepler-306,
Kepler-306 e,Kepler-306,
Kepler-31 b,Kepler-31,
Kepler-31 c,Kepler-31,
Kepler-31 d,Kepler-31,
Kepler-310 b,Kepler-310,
Kepler-310 c,Kepler-310,
Kepler-310 d,Kepler-310,
Kepler-311 b,Kepler-311,
Kepler-311 c,Kepler-311,
Kepler-319 b,Kepler-319,
Kepler-319 c,Kepler-319,
Kepler-319 d,Kepler-319,
Kepler-32 b,Kepler-32,
Kepler-32 c,Kepler-32,
Kepler-32 d,Kepler-32,
Kepler-32 e,Kepler-32,
Kepler-32 f,Kepler-32,
Kepler-324 b,Kepler-324,
Kepler-324 c,Kepler-324,
Kepler-324 e,Kepler-324,
Kepler-325 b,Kepler-325,
Kepler-325 c,Kepler-325,
Kepler-325 d,Kepler-325,
Kepler-326 b,Kepler-326,
Kepler-326 c,Kepler-326,
Kepler-326 d,Kepler-326,
Kepler-327 b,Kepler-327,
Kepler-327 c,Kepler-327,
Kepler-327 d,Kepler-327,
Kepler-33 b,Kepler-33,0
Kepler-33 c,Kepler-33,0
Kepler-33 d,Kepler-33,0
Kepler-33 e,Kepler-33,0
Kepler-33 f,Kepler-33,0
Kepler-331 b,Kepler-331,
Kepler-331 c,Kepler-331,
Kepler-331 d,Kepler-331,
Kepler-332 b,Kepler-332,
Kepler-332 c,Kepler-332,
Kepler-332 d,Kepler-332,
Kepler-334 b,Kepler-334,
Kepler-334 c,Kepler-334,
Kepler-334 d,Kepler-334,
Kepler-336 b,Kepler-336,
Kepler-336 c,Kepler-336,
Kepler-336 d,Kepler-336,
Kepler-338 b,Kepler-338,
Kepler-338 c,Kepler-338,
Kepler-338 d,Kepler-338,
Kepler-338 e,Kepler-338,
Kepler-339 b,Kepler-339,
Kepler-339 c,Kepler-339,
Kepler-339 d,Kepler-339,
Kepler-341 b,Kepler-341,
Kepler-341 c,Kepler-341,
Kepler-341 d,Kepler-341,
Kepler-341 e,Kepler-341,
Kepler-342 b,Kepler-342,
Kepler-342 c,Kepler-342,
Kepler-342 d,Kepler-342,
Kepler-342 e,Kepler-342,
Kepler-347 b,Kepler-347,
Kepler-347 c,Kepler-347,
Kepler-350 b,Kepler-350,
Kepler-350 c,Kepler-350,
Kepler-350 d,Kepler-350,
Kepler-351 b,Kepler-351,
Kepler-351 c,Kepler-351,
Kepler-351 d,Kepler-351,
Kepler-352 b,Kepler-352,
Kepler-352 c,Kepler-352,
Kepler-352 d,Kepler-352,
Kepler-354 b,Kepler-354,
Kepler-354 c,Kepler-354,
Kepler-354 d,Kepler-354,
Kepler-357 b,Kepler-357,
Kepler-357 c,Kepler-357,
Kepler-357 d,Kepler-357,
Kepler-359 b,Kepler-359,
Kepler-359 c,Kepler-359,
Kepler-359 d,Kepler-359,
Kepler-363 b,Kepler-363,
Kepler-363 c,Kepler-363,
Kepler-363 d,Kepler-363,
Kepler-37 b,Kepler-37,0.098
Kepler-37 c,Kepler-37,0.099
Kepler-37 d,Kepler-37,0.1
Kepler-37 e,Kepler-37,
Kepler-372 b,Kepler-372,
Kepler-372 c,Kepler-372,
Kepler-372 d,Kepler-372,
Kepler-374 b,Kepler-374,
Kepler-374 c,Kepler-374,
Kepler-374 d,Kepler-374,
Kepler-381 b,Kepler-381,
Kepler-381 c,Kepler-381,
Kepler-381 d,Kepler-381,
Kepler-385 b,Kepler-385,
Kepler-385 c,Kepler-385,
Kepler-385 d,Kepler-385,
Kepler-394 b,Kepler-394,
Kepler-394 c,Kepler-394,
Kepler-394 d,Kepler-394,
Kepler-398 b,Kepler-398,
Kepler-398 c,Kepler-398,
Kepler-398 d,Kepler-398,
Kepler-399 b,Kepler-399,
Kepler-399 c,Kepler-399,
Kepler-399 d,Kepler-399,
Kepler-401 b,Kepler-401,
Kepler-401 c,Kepler-401,
Kepler-401 d,Kepler-401,
Kepler-402 b,Kepler-402,
Kepler-402 c,Kepler-402,
Kepler-402 d,Kepler-402,
Kepler-402 e,Kepler-402,
Kepler-403 b,Kepler-403,
Kepler-403 c,Kepler-403,
Kepler-403 d,Kepler-403,
Kepler-411 b,Kepler-411,0.146
Kepler-411 c,Kepler-411,0.108
Kepler-411 d,Kepler-411,0.128
Kepler-411 e,Kepler-411,0.016
Kepler-416 b,Kepler-416,
Kepler-416 c,Kepler-416,
Kepler-42 b,Kepler-42,
Kepler-42 c,Kepler-42,
Kepler-42 d,Kepler-42,
Kepler-431 b,Kepler-431,
Kepler-431 c,Kepler-431,
Kepler-431 d,Kepler-431,
Kepler-444 b,Kepler-444,0.16
Kepler-444 c,Kepler-444,0.31
Kepler-444 d,Kepler-444,0.18
Kepler-444 e,Kepler-444,0.1
Kepler-444 f,Kepler-444,0.29
Kepler-445 b,Kepler-445,0
Kepler-445 c,Kepler-445,0
Kepler-445 d,Kepler-445,0
Kepler-446 b,Kepler-446,0
Kepler-446 c,Kepler-446,0
Kepler-446 d,Kepler-446,0
Kepler-450 b,Kepler-450,0.02
Kepler-450 c,Kepler-450,0.02
Kepler-450 d,Kepler-450,0.14
Kepler-451 c,2MASS J19383260+4603591,0.29
Kepler-451 d,2MASS J19383260+4603591,0
Kepler-454 b,Kepler-454,0.32
Kepler-454 c,Kepler-454,0.0053
Kepler-454 d,Kepler-454,0.089
Kepler-457 d,KOI-7892,
Kepler-46 b,Kepler-46,0.01
Kepler-46 c,Kepler-46,0.0146
Kepler-46 d,Kepler-46,
Kepler-47 b,Kepler-47,0.021
Kepler-47 c,Kepler-47,0.044
Kepler-47 d,Kepler-47,0.024
Kepler-48 b,Kepler-48,
Kepler-48 c,Kepler-48,
Kepler-48 d,Kepler-48,
Kepler-48 e,Kepler-48,
Kepler-487 b,Kepler-487,
Kepler-487 c,Kepler-487,
Kepler-487 d,Kepler-487,
Kepler-49 b,Kepler-49,
Kepler-49 c,Kepler-49,
Kepler-49 d,Kepler-49,
Kepler-49 e,Kepler-49,
Kepler-51 b,Kepler-51,0.04
Kepler-51 c,Kepler-51,0.014
Kepler-51 d,Kepler-51,0.008
Kepler-52 b,Kepler-52,
Kepler-52 c,Kepler-52,
Kepler-52 d,Kepler-52,
Kepler-529 b,Kepler-529,
Kepler-529 c,Kepler-529,
Kepler-529 d,Kepler-529,
Kepler-53 b,Kepler-53,
Kepler-53 c,Kepler-53,
Kepler-53 d,Kepler-53,
Kepler-54 b,Kepler-54,
Kepler-54 c,Kepler-54,
Kepler-54 d,Kepler-54,
Kepler-549 b,Kepler-549,
Kepler-549 c,Kepler-549,
Kepler-55 b,Kepler-55,
Kepler-55 c,Kepler-55,
Kepler-55 d,Kepler-55,
Kepler-55 e,Kepler-55,
Kepler-55 f,Kepler-55,
Kepler-56 b,Kepler-56,
Kepler-56 c,Kepler-56,
Kepler-56 d,Kepler-56,0.2
Kepler-58 b,Kepler-58,
Kepler-58 c,Kepler-58,
Kepler-58 d,Kepler-58,
Kepler-60 b,Kepler-60,
Kepler-60 c,Kepler-60,
Kepler-60 d,Kepler-60,
Kepler-603 b,Kepler-603,
Kepler-603 c,Kepler-603,
Kepler-603 d,Kepler-603,
Kepler-616 b,Kepler-616,
Kepler-616 c,Kepler-616,
Kepler-616 d,Kepler-616,
Kepler-619 b,Kepler-619,
Kepler-619 c,Kepler-619,
Kepler-62 b,Kepler-62,
Kepler-62 c,Kepler-62,
Kepler-62 d,Kepler-62,
Kepler-62 e,Kepler-62,
Kepler-62 f,Kepler-62,
Kepler-65 b,Kepler-65,
Kepler-65 c,Kepler-65,
Kepler-65 d,Kepler-65,
Kepler-65 e,Kepler-65,0.283
Kepler-68 b,Kepler-68,0.09
Kepler-68 c,Kepler-68,0.099
Kepler-68 d,Kepler-68,0.102
Kepler-68 e,Kepler-68,0.33
Kepler-758 b,Kepler-758,
Kepler-758 c,Kepler-758,
Kepler-758 d,Kepler-758,
Kepler-758 e,Kepler-758,
Kepler-763 b,Kepler-763,
Kepler-770 b,Kepler-770,
Kepler-770 c,Kepler-770,
Kepler-770 d,Kepler-770,
Kepler-79 b,Kepler-79,0.015
Kepler-79 c,Kepler-79,0.03
Kepler-79 d,Kepler-79,0.025
Kepler-79 e,Kepler-79,0.012
Kepler-80 b,Kepler-80,
Kepler-80 c,Kepler-80,
Kepler-80 d,Kepler-80,
Kepler-80 e,Kepler-80,
Kepler-80 f,Kepler-80,
Kepler-80 g,Kepler-80,
Kepler-81 b,Kepler-81,
Kepler-81 c,Kepler-81,
Kepler-81 d,Kepler-81,
Kepler-82 b,Kepler-82,0.0033
Kepler-82 c,Kepler-82,0.007
Kepler-82 d,Kepler-82,
Kepler-82 e,Kepler-82,
Kepler-82 f,Kepler-82,0.0014
Kepler-83 b,Kepler-83,
Kepler-83 c,Kepler-83,
Kepler-83 d,Kepler-83,
Kepler-84 b,Kepler-84,
Kepler-84 c,Kepler-84,
Kepler-84 d,Kepler-84,
Kepler-84 e,Kepler-84,
Kepler-84 f,Kepler-84,
Kepler-85 b,Kepler-85,
Kepler-85 c,Kepler-85,
Kepler-85 d,Kepler-85,
Kepler-85 e,Kepler-85,
Kepler-88 d,KOI-142,0.41
Kepler-9 b,Kepler-9,0.0609
Kepler-9 c,Kepler-9,0.06691
Kepler-9 d,Kepler-9,
Kepler-90 i,KOI-351,
Kepler-92 b,Kepler-92,
Kepler-92 c,Kepler-92,
Kepler-92 d,Kepler-92,0.07
Kepler-968 b,Kepler-968,
Kepler-968 c,Kepler-968,
L 98-59 b,L 98-59,0.103
L 98-59 c,L 98-59,0
L 98-59 d,L 98-59,0
L 98-59 e,L 98-59,0.128
LP 791-18 b,LP 791-18,
LP 791-18 c,LP 791-18,0.00008
LP 791-18 d,LP 791-18,0.0015
PSR B1257+12 b,PSR B1257+12,0
PSR B1257+12 c,PSR B1257+12,0.0186
PSR B1257+12 d,PSR B1257+12,
TOI-1136 b,TOI-1136,0.031
TOI-1136 c,TOI-1136,0.117
TOI-1136 d,TOI-1136,0.016
TOI-1136 e,TOI-1136,0.057
TOI-1136 f,TOI-1136,0.012
TOI-1136 g,TOI-1136,0.036
TOI-1246 b,TOI-1246,
TOI-1246 c,TOI-1246,
TOI-1246 d,TOI-1246,
TOI-1246 e,TOI-1246,
TOI-125 b,TOI-125,0.194
TOI-125 c,TOI-125,0.066
TOI-125 d,TOI-125,0.168
TOI-1260 b,TOI-1260,0
TOI-1260 c,TOI-1260,0
TOI-1260 d,TOI-1260,0
TOI-1749 b,TOI-1749,0.14
TOI-1749 c,TOI-1749,0.019
TOI-1749 d,TOI-1749,0.062
TOI-178 b,TOI-178,
TOI-178 c,TOI-178,
TOI-178 d,TOI-178,
TOI-178 e,TOI-178,
TOI-178 f,TOI-178,
TOI-178 g,TOI-178,
TOI-2076 b,TOI-2076,
TOI-2076 c,TOI-2076,
TOI-2076 d,TOI-2076,
TOI-270 b,TOI-270,0.034
TOI-270 c,TOI-270,0.027
TOI-270 d,TOI-270,0.032
TOI-4010 b,TOI-4010,0.03
TOI-4010 c,TOI-4010,0.03
TOI-4010 d,TOI-4010,0.07
TOI-4010 e,TOI-4010,0.26
TOI-411 b,HD 22946,
TOI-411 c,HD 22946,
TOI-431 b,TOI-431,0
TOI-431 c,TOI-431,0
TOI-431 d,TOI-431,0
TOI-451 b,TOI-451,0
TOI-451 c,TOI-451,0
TOI-451 d,TOI-451,0
TOI-500 b,TOI-500,0.063
TOI-500 c,TOI-500,0.072
TOI-500 d,TOI-500,0.016
TOI-500 e,TOI-500,0.073
TOI-561 b,TOI-561,0
TOI-561 c,TOI-561,0.03
TOI-561 d,TOI-561,0.122
TOI-561 e,TOI-561,0.079
TOI-700 b,TOI-700,0.075
TOI-700 c,TOI-700,0.068
TOI-700 d,TOI-700,0.042
TOI-700 e,TOI-700,0.059
TOI-712 b,TOI-712,0.54
TOI-712 c,TOI-712,0.089
TOI-712 d,TOI-712,0.073
TRAPPIST-1 b,TRAPPIST-1,
TRAPPIST-1 c,TRAPPIST-1,
TRAPPIST-1 d,TRAPPIST-1,
TRAPPIST-1 e,TRAPPIST-1,
TRAPPIST-1 f,TRAPPIST-1,
TRAPPIST-1 g,TRAPPIST-1,
TRAPPIST-1 h,TRAPPIST-1,
V1298 Tau b,V1298 Tau,0.29
V1298 Tau c,V1298 Tau,0.43
V1298 Tau d,V1298 Tau,0.21
V1298 Tau e,V1298 Tau,0.57
WASP-47 b,WASP-47,
WASP-47 c,WASP-47,0.295
WASP-47 d,WASP-47,0.01
WASP-47 e,WASP-47,
Wolf 1061 b,Wolf 1061,0.15
Wolf 1061 c,Wolf 1061,0.11
Wolf 1061 d,Wolf 1061,0.55
XO-2 N b,XO-2 N,
XO-2 S b,XO-2 S,0.18
XO-2 S c,XO-2 S,0.1528
YZ Cet b,YZ Cet,0.06
YZ Cet c,YZ Cet,0
YZ Cet d,YZ Cet,0.07
pi Men c,HD 39091,0.077
pi Men d,HD 39091,0.22
rho CrB b,rho CrB,0.038
rho CrB c,rho CrB,0.096
rho CrB d,rho CrB,0
rho CrB e,rho CrB,0.126
tau Cet e,tau Cet,0.18
tau Cet f,tau Cet,0.16
tau Cet g,tau Cet,0.06
tau Cet h,tau Cet,0.23
ups And b,ups And,0.0215
ups And c,ups And,0.2596
ups And d,ups And,0.2987